url,ep_title,ep_num
https://fangj.github.io/friends/season/0214.html,the one with the prom video,214
https://fangj.github.io/friends/season/0205.html,the one with five steaks and an eggplant,205
https://fangj.github.io/friends/season/0207.html,the one where ross finds out,207
https://fangj.github.io/friends/season/0208.html,the one with the last,208
https://fangj.github.io/friends/season/0211.html,the one with the lesbian wedding,211
https://fangj.github.io/friends/season/0209.html,the one with phoebe's dad,209
https://fangj.github.io/friends/season/0206.html,the one with the baby on the bus,206
https://fangj.github.io/friends/season/0204.html,the one with phoebe's husband,204
https://fangj.github.io/friends/season/0203.html,the one where mr heckles dies,203
https://fangj.github.io/friends/season/0202.html,the one with the breast milk,202
https://fangj.github.io/friends/season/0210.html,the one with russ,210
https://fangj.github.io/friends/season/0212-0213.html,the one after the superbowl,212
https://fangj.github.io/friends/season/0201.html,the one with ross' new girlfriend,201
https://fangj.github.io/friends/season/0124.html,the one where rachel finds out,124
https://fangj.github.io/friends/season/0123.html,the one with the birth,123
https://fangj.github.io/friends/season/1017-1018.html,the last one,1017
https://fangj.github.io/friends/season/1016.html,the one with rachel's going away party,1016
https://fangj.github.io/friends/season/1015.html,the one where estelle dies,1015
https://fangj.github.io/friends/season/1014.html,the one with princess consuela,1014
https://fangj.github.io/friends/season/0122.html,the one with the ick factor,122
https://fangj.github.io/friends/season/1012.html,the one with phoebe's wedding,1012
https://fangj.github.io/friends/season/1011.html,the one where the stripper cries,1011
https://fangj.github.io/friends/season/1013.html,the one where joey speaks french,1013
https://fangj.github.io/friends/season/1010.html,the one where chandler gets caught,1010
https://fangj.github.io/friends/season/1009.html,the one with the birth mother,1009
https://fangj.github.io/friends/season/1008.html,the one with the late thanksgiving,1008
https://fangj.github.io/friends/season/1007.html,the one with the home study,1007
https://fangj.github.io/friends/season/1006.html,the one with ross' grant,1006
https://fangj.github.io/friends/season/1005.html,the one where rachel's sister babysits,1005
https://fangj.github.io/friends/season/1004.html,the one with the cake,1004
https://fangj.github.io/friends/season/1003.html,the one with ross' tan,1003
https://fangj.github.io/friends/season/1002.html,the one where ross is fine,1002
https://fangj.github.io/friends/season/1001.html,the one after joey and rachel kiss,1001
https://fangj.github.io/friends/season/0923-0924.html,the one in barbados,923
https://fangj.github.io/friends/season/0922.html,the one with the donor,922
https://fangj.github.io/friends/season/0921.html,the one with the fertility test,921
https://fangj.github.io/friends/season/0920.html,the one with the soap opera party,920
https://fangj.github.io/friends/season/0919.html,the one with rachel's dream,919
https://fangj.github.io/friends/season/0917.html,the one with the memorial service,917
https://fangj.github.io/friends/season/0916.html,the one with the boob job,916
https://fangj.github.io/friends/season/0918.html,the one with the lottery,918
https://fangj.github.io/friends/season/0915.html,the one with the mugging,915
https://fangj.github.io/friends/season/0914.html,the one with the blind dates,914
https://fangj.github.io/friends/season/0913.html,the one where monica sings,913
https://fangj.github.io/friends/season/0912.html,the one with phoebe's rats,912
https://fangj.github.io/friends/season/0911.html,the one where rachel goes back to work,911
https://fangj.github.io/friends/season/0910.html,the one with christmas in tulsa,910
https://fangj.github.io/friends/season/0909.html,the one with rachel's phone number,909
https://fangj.github.io/friends/season/0908.html,the one with rachel's other sister,908
https://fangj.github.io/friends/season/0907.html,the one with ross's inappropriate song,907
https://fangj.github.io/friends/season/0906.html,the one with the male nanny,906
https://fangj.github.io/friends/season/0905.html,the one with phoebes birthday dinner,905
https://fangj.github.io/friends/season/0904.html,the one with the sharks,904
https://fangj.github.io/friends/season/0903.html,the one with the pediatrician,903
https://fangj.github.io/friends/season/0902.html,the one where emma cries,902
https://fangj.github.io/friends/season/0901.html,the one where no one proposes,901
https://fangj.github.io/friends/season/0823.html,the one where rachel has a baby,823
https://fangj.github.io/friends/season/0822.html,the one where rachel is late,822
https://fangj.github.io/friends/season/0821.html,the one with the cooking class,821
https://fangj.github.io/friends/season/0820.html,the one with the baby shower,820
https://fangj.github.io/friends/season/0819.html,the one with joey's interview,819
https://fangj.github.io/friends/season/0818.html,the one in massapequa,818
https://fangj.github.io/friends/season/0817.html,the one with the tea leaves,817
https://fangj.github.io/friends/season/0816.html,the one where joey tells rachel,816
https://fangj.github.io/friends/season/0815.html,the one with the birthing video,815
https://fangj.github.io/friends/season/0814.html,the one with the secret closet,814
https://fangj.github.io/friends/season/0813.html,the one where chandler takes a bath,813
https://fangj.github.io/friends/season/0812.html,the one where joey dates rachel,812
https://fangj.github.io/friends/season/0811.html,the one with ross' big step forward,811
https://fangj.github.io/friends/season/0810.html,the one with monica's boots,810
https://fangj.github.io/friends/season/0809.html,the one with the rumor,809
https://fangj.github.io/friends/season/0808.html,the one with the stripper,808
https://fangj.github.io/friends/season/0803.html,the one where rachel tells,803
https://fangj.github.io/friends/season/0807.html,the one with the stain,807
https://fangj.github.io/friends/season/0806.html,the one with the halloween party,806
https://fangj.github.io/friends/season/0805.html,the one with rachel's date,805
https://fangj.github.io/friends/season/0804.html,the one with the videotape,804
https://fangj.github.io/friends/season/0802.html,the one with the red sweater,802
https://fangj.github.io/friends/season/0723.html,the one with chandler and monica's wedding,723
https://fangj.github.io/friends/season/0801.html,the one after i do,801
https://fangj.github.io/friends/season/0722.html,the one with chandler's dad,722
https://fangj.github.io/friends/season/0721.html,the one with the vows,721
https://fangj.github.io/friends/season/0720.html,the one with rachel's big kiss,720
https://fangj.github.io/friends/season/0719.html,the one with ross and monica's cousin,719
https://fangj.github.io/friends/season/0718.html,the one with joey's award,718
https://fangj.github.io/friends/season/0716.html,the one with the truth about london,716
https://fangj.github.io/friends/season/0717.html,the one with the cheap wedding dress,717
https://fangj.github.io/friends/season/0715.html,the one with joey's new brain,715
https://fangj.github.io/friends/season/0714.html,the one where they all turn thirty,714
https://fangj.github.io/friends/season/0713.html,the one where rosita dies,713
https://fangj.github.io/friends/season/0712.html,the one where they're up all night,712
https://fangj.github.io/friends/season/0711.html,the one with all the cheesecake,711
https://fangj.github.io/friends/season/0710.html,the one with the holiday armadillo,710
https://fangj.github.io/friends/season/0709.html,the one with all the candy,709
https://fangj.github.io/friends/season/0708.html,the one where chandler doesn't like dogs,708
https://fangj.github.io/friends/season/0707.html,the one with ross's book,707
https://fangj.github.io/friends/season/0706.html,the one with the nap partners,706
https://fangj.github.io/friends/season/0705.html,the one with the engagement picture,705
https://fangj.github.io/friends/season/0704.html,the one with rachel's assistant,704
https://fangj.github.io/friends/season/0703.html,the one with phoebe's cookies,703
https://fangj.github.io/friends/season/0702.html,the one with rachel's book,702
https://fangj.github.io/friends/season/0701.html,the one with monica's thunder,701
https://fangj.github.io/friends/season/0624.html,the one with the proposal,624
https://fangj.github.io/friends/season/0623.html,the one with the ring,623
https://fangj.github.io/friends/season/0617.html,the one with the unagi,617
https://fangj.github.io/friends/season/0622.html,the one where paul's the man,622
https://fangj.github.io/friends/season/0615-0616.html,the one that could have been,615
https://fangj.github.io/friends/season/0621.html,the one where ross meets elizabeth's dad,621
https://fangj.github.io/friends/season/0620.html,the one with mac and cheese,620
https://fangj.github.io/friends/season/0619.html,the one with joey's fridge,619
https://fangj.github.io/friends/season/0618.html,the one where ross dates a student,618
https://fangj.github.io/friends/season/0614.html,the one where chandler can't cry,614
https://fangj.github.io/friends/season/0613.html,the one with rachel's sister,613
https://fangj.github.io/friends/season/0612.html,the one with the joke,612
https://fangj.github.io/friends/season/0611.html,the one with the apothecary table,611
https://fangj.github.io/friends/season/0610.html,the one with the routine,610
https://fangj.github.io/friends/season/0609.html,the one where ross got high,609
https://fangj.github.io/friends/season/0608.html,the one with ross's teeth,608
https://fangj.github.io/friends/season/0607.html,the one where phoebe runs,607
https://fangj.github.io/friends/season/0606.html,the one the last night,606
https://fangj.github.io/friends/season/0605.html,the one with joey's porsche,605
https://fangj.github.io/friends/season/0604.html,the one where joey loses his insurance,604
https://fangj.github.io/friends/season/0603.html,the one with ross's denial,603
https://fangj.github.io/friends/season/0602.html,the one where ross hugs rachel,602
https://fangj.github.io/friends/season/0601.html,the one after vegas,601
https://fangj.github.io/friends/season/0523.html,the one in vegas,523
https://fangj.github.io/friends/season/0522.html,the one with joey's big break,522
https://fangj.github.io/friends/season/0521.html,the one with the ball,521
https://fangj.github.io/friends/season/0520.html,the one with the ride along,520
https://fangj.github.io/friends/season/0519.html,the one where ross can't flirt,519
https://fangj.github.io/friends/season/0518.html,the one where rachel smokes,518
https://fangj.github.io/friends/season/0517.html,the one with rachel's inadvertant kiss,517
https://fangj.github.io/friends/season/0516.html,the one with a cop,516
https://fangj.github.io/friends/season/0515.html,the one with the girl who hits joey,515
https://fangj.github.io/friends/season/0514.html,the one where everyone finds out,514
https://fangj.github.io/friends/season/0513.html,the one with joey's bag,513
https://fangj.github.io/friends/season/0512.html,the one with chandler's work laugh,512
https://fangj.github.io/friends/season/0511.html,the one with all the resolutions,511
https://fangj.github.io/friends/season/0510.html,the one with the inappropriate sister,510
https://fangj.github.io/friends/season/0509.html,the one with ross's sandwich,509
https://fangj.github.io/friends/season/0506.html,the one with the yeti,506
https://fangj.github.io/friends/season/0505.html,the one with all the kips,505
https://fangj.github.io/friends/season/0508.html,the one with the thanksgiving flashbacks,508
https://fangj.github.io/friends/season/0507.html,the one where ross moves in,507
https://fangj.github.io/friends/season/0504.html,the one where phoebe hates pbs,504
https://fangj.github.io/friends/season/0503.html,the one hundredth,503
https://fangj.github.io/friends/season/0501.html,the one after ross says rachel,501
https://fangj.github.io/friends/season/0422.html,the one with the worst best man ever,422
https://fangj.github.io/friends/season/0502.html,the one with all the kissing,502
https://fangj.github.io/friends/season/0421.html,the one with the invitation,421
https://fangj.github.io/friends/season/0420.html,the one with all the wedding dresses,420
https://fangj.github.io/friends/season/0423.html,the one with ross's wedding parts i and ii,423
https://fangj.github.io/friends/season/0419.html,the one with all the haste,419
https://fangj.github.io/friends/season/0418.html,the one with rachel's new dress,418
https://fangj.github.io/friends/season/0417.html,the one with the free porn,417
https://fangj.github.io/friends/season/0416.html,the one with the fake party,416
https://fangj.github.io/friends/season/0415.html,the one with all the rugby,415
https://fangj.github.io/friends/season/0414.html,the one with joey's dirty day,414
https://fangj.github.io/friends/season/0413.html,the one with rachel's crush,413
https://fangj.github.io/friends/season/0412.html,the one with the embryos,412
https://fangj.github.io/friends/season/0411.html,the one with phoebe's uterus,411
https://fangj.github.io/friends/season/0410.html,the one with the girl from poughkeepsie,410
https://fangj.github.io/friends/season/0409.html,the one where they're gonna party,409
https://fangj.github.io/friends/season/0408.html,the one with chandler in a box,408
https://fangj.github.io/friends/season/0407.html,the one where chandler crosses a line,407
https://fangj.github.io/friends/season/0406.html,the one with the dirty girl,406
https://fangj.github.io/friends/season/0405.html,the one with joey's new girlfriend,405
https://fangj.github.io/friends/season/0404.html,the one with the ballroom dancing,404
https://fangj.github.io/friends/season/0403.html,the one with the cuffs,403
https://fangj.github.io/friends/season/0402.html,the one with the cat,402
https://fangj.github.io/friends/season/0401.html,the one with the jellyfish,401
https://fangj.github.io/friends/season/0324.html,the one with the ultimate fighting champion,324
https://fangj.github.io/friends/season/0323.html,the one with ross's thing,323
https://fangj.github.io/friends/season/0321.html,the one with a chick and a duck,321
https://fangj.github.io/friends/season/0325.html,the one at the beach,325
https://fangj.github.io/friends/season/0320.html,the one with the dollhouse,320
https://fangj.github.io/friends/season/0319.html,the one with the tiny tshirt,319
https://fangj.github.io/friends/season/0318.html,the one with the hypnosis tape,318
https://fangj.github.io/friends/season/0322.html,the one with the screamer,322
https://fangj.github.io/friends/season/0317.html,the one without the ski trip,317
https://fangj.github.io/friends/season/0316.html,the one the morning after,316
https://fangj.github.io/friends/season/0315.html,the one where ross and rachel take a break,315
https://fangj.github.io/friends/season/0314.html,the one with phoebe's expartner,314
https://fangj.github.io/friends/season/0313.html,the one where monica and richard are friends,313
https://fangj.github.io/friends/season/0312.html,the one with all the jealousy,312
https://fangj.github.io/friends/season/0311.html,the one where chandler can't remember which sister,311
https://fangj.github.io/friends/season/0310.html,the one where rachel quits,310
https://fangj.github.io/friends/season/0309.html,the one with the football,309
https://fangj.github.io/friends/season/0308.html,the one with the giant poking device,308
https://fangj.github.io/friends/season/0307.html,the one with the race car bed,307
https://fangj.github.io/friends/season/0306.html,the one with the flashback,306
https://fangj.github.io/friends/season/0305.html,the one with frank jr,305
https://fangj.github.io/friends/season/0304.html,the one with the metaphorical tunnel,304
https://fangj.github.io/friends/season/0303.html,the one with the jam,303
https://fangj.github.io/friends/season/0302.html,the one where noone's ready,302
https://fangj.github.io/friends/season/0301.html,the one with the princess leia fantasy,301
https://fangj.github.io/friends/season/0224.html,the one with barry and mindy's wedding,224
https://fangj.github.io/friends/season/0223.html,the one with the chicken pox,223
https://fangj.github.io/friends/season/0222.html,the one with the two parties,222
https://fangj.github.io/friends/season/0221.html,the one with the two bullies,221
https://fangj.github.io/friends/season/0220.html,the one where old yeller dies,220
https://fangj.github.io/friends/season/0219.html,the one where eddie won't go,219
https://fangj.github.io/friends/season/0218.html,the one where dr remore dies,218
https://fangj.github.io/friends/season/0217.html,the one where eddie moves in,217
https://fangj.github.io/friends/season/0216.html,the one where joey moves out,216
https://fangj.github.io/friends/season/0215.html,the one where ross and rachelyou know,215
https://fangj.github.io/friends/season/0121.html,the one with the fake monica,121
https://fangj.github.io/friends/season/0120.html,the one with the evil orthodontist,120
https://fangj.github.io/friends/season/0119.html,the one where the monkey gets away,119
https://fangj.github.io/friends/season/0116.html,the one with two parts part,116
https://fangj.github.io/friends/season/0118.html,the one with all the poker,118
https://fangj.github.io/friends/season/0115.html,the one with the stoned guy,115
https://fangj.github.io/friends/season/0117.html,the one with two parts part,117
https://fangj.github.io/friends/season/0114.html,the one with the candy hearts,114
https://fangj.github.io/friends/season/0113.html,the one with the boobies,113
https://fangj.github.io/friends/season/0112.html,the one with the dozen lasagnas,112
https://fangj.github.io/friends/season/0111.html,the one with mrs bing,111
https://fangj.github.io/friends/season/0110.html,the one with the monkey,110
https://fangj.github.io/friends/season/0109.html,the one where underdog gets away,109
https://fangj.github.io/friends/season/0108.html,the one where nana dies twice,108
https://fangj.github.io/friends/season/0107.html,the one with the blackout,107
https://fangj.github.io/friends/season/0106.html,the one with the butt,106
https://fangj.github.io/friends/season/0105.html,the one with the east german laundry detergent,105
https://fangj.github.io/friends/season/0104.html,the one with george stephanopoulos,104
https://fangj.github.io/friends/season/0103.html,the one with the thumb,103
https://fangj.github.io/friends/season/0102.html,the one with the sonogram at the end,102
https://fangj.github.io/friends/season/0101.html,the one where monica gets a new roomate the pilotthe uncut version,101
